City_ID,City,Country,Lat,Lng,Max Temp,Humidity,Cloudiness,Wind Speed,Current Description
0,Avarua,CK,-21.2078,-159.775,64.45,100,21,2.3,few clouds
1,Taoudenni,ML,22.6783,-3.9836,99.39,22,35,18.34,scattered clouds
2,Yellowknife,CA,62.456,-114.3525,65.28,68,75,10.36,broken clouds
3,Nanortalik,GL,60.1432,-45.2371,48.51,78,44,16.31,scattered clouds
4,Port Elizabeth,ZA,-33.918,25.5701,59.09,82,20,24.16,few clouds
5,Qaanaaq,GL,77.484,-69.3632,39.74,99,100,7.36,light rain
6,Albany,US,42.6001,-73.9662,73.98,84,98,1.01,overcast clouds
7,Broken Hill,AU,-31.95,141.4333,51.51,37,75,11.5,broken clouds
8,Atuona,PF,-9.8,-139.0333,76.86,78,49,12.15,light rain
9,Evensk,RU,61.95,159.2333,44.01,64,74,9.4,broken clouds
10,Mataura,NZ,-46.1927,168.8643,41.49,94,43,3.56,scattered clouds
11,Aranjuez,ES,40.0311,-3.6025,98.08,14,0,17.34,clear sky
12,Bairiki,KI,1.3292,172.9752,80.6,83,20,5.75,few clouds
13,Vuktyl,RU,63.8567,57.3094,46.98,84,77,2.46,broken clouds
14,Vao,NC,-22.6667,167.4833,70.39,69,23,15.32,few clouds
15,Leningradskiy,RU,69.3833,178.4167,32.52,98,100,17.47,light snow
16,Sambava,MG,-14.2667,50.1667,70.12,86,35,7.18,light rain
17,Rikitea,PF,-23.1203,-134.9692,72.21,79,46,9.98,scattered clouds
18,Cherskiy,RU,68.75,161.3,33.73,85,100,17.25,overcast clouds
19,Mahebourg,MU,-20.4081,57.7,69.26,88,75,18.41,light rain
20,Port Alfred,ZA,-33.5906,26.891,59.52,75,6,19.13,clear sky
21,Punta Arenas,CL,-53.15,-70.9167,46.51,61,75,25.32,broken clouds
22,Bredasdorp,ZA,-34.5322,20.0403,52.92,82,76,5.75,broken clouds
23,Elizabeth City,US,36.2946,-76.2511,91.02,72,1,4.0,clear sky
24,Aracati,BR,-4.5617,-37.7697,88.74,48,18,12.41,few clouds
25,Lavrentiya,RU,65.5833,-171.0,45.7,79,74,10.07,broken clouds
26,Nichinan,JP,31.6,131.3667,75.81,86,27,3.8,scattered clouds
27,Mar Del Plata,AR,-38.0023,-57.5575,59.02,49,0,1.01,clear sky
28,Bathsheba,BB,13.2167,-59.5167,86.61,70,20,16.11,few clouds
29,Dikson,RU,73.5069,80.5464,43.75,81,100,12.19,overcast clouds
30,Vaini,TO,-21.2,-175.2,68.16,88,40,3.44,scattered clouds
31,Vardo,NO,70.3705,31.1107,48.4,81,75,3.44,broken clouds
32,Yulara,AU,-25.2406,130.9889,53.44,62,0,5.75,clear sky
33,Kapaa,US,22.0752,-159.319,80.92,77,75,3.0,broken clouds
34,Aklavik,CA,68.2191,-135.0107,62.6,82,75,4.61,shower rain
35,Mackay,AU,-21.15,149.2,65.05,100,90,0.0,fog
36,Port Augusta,AU,-32.5,137.7667,60.94,37,65,20.58,broken clouds
37,Kruisfontein,ZA,-34.0033,24.7314,56.88,79,16,11.65,few clouds
38,Deer Lake,CA,49.1667,-57.4316,67.86,56,40,14.97,scattered clouds
39,Arman,RU,59.7,150.1667,42.76,69,66,12.97,broken clouds
40,Guerrero Negro,MX,27.9769,-114.0611,79.29,60,0,13.62,clear sky
41,Udayagiri,IN,20.1333,84.3833,70.99,85,100,10.89,overcast clouds
42,Villablino,ES,42.9393,-6.3194,83.39,55,1,6.8,clear sky
43,Los Llanos De Aridane,ES,28.6585,-17.9182,71.35,86,20,14.97,few clouds
44,Qiongshan,CN,20.0058,110.3542,80.58,94,0,2.24,clear sky
45,Saint George,US,37.1041,-113.5841,95.38,32,1,4.0,clear sky
46,Hobart,AU,-42.8794,147.3294,44.11,82,92,0.0,overcast clouds
47,Samandag,TR,36.0842,35.9771,86.52,46,0,5.53,clear sky
48,La Romana,DO,18.4273,-68.9728,88.16,62,40,17.27,scattered clouds
49,Isangel,VU,-19.55,169.2667,71.24,81,79,1.72,broken clouds
50,Jamestown,US,42.097,-79.2353,71.71,95,90,1.01,overcast clouds
51,Alexandria,EG,31.2156,29.9553,84.74,65,0,14.97,clear sky
52,Vorukh,TJ,39.8494,70.5838,72.07,54,82,6.71,broken clouds
53,Saint-Philippe,RE,-21.3585,55.7679,69.39,84,54,17.65,light rain
54,Artvin,TR,41.1667,41.8333,69.08,96,60,2.95,broken clouds
55,Barrow,US,71.2906,-156.7887,53.62,94,90,4.61,light rain
56,Salalah,OM,17.0151,54.0924,78.89,89,75,9.22,broken clouds
57,Natal,BR,-5.795,-35.2094,84.85,70,75,14.97,broken clouds
58,Zhigansk,RU,66.7697,123.3711,55.96,55,11,7.14,few clouds
59,Ushuaia,AR,-54.8,-68.3,47.86,34,20,2.3,few clouds
60,Providencia,MX,28.7167,-111.5833,93.25,31,86,7.85,overcast clouds
61,Borazjan,IR,29.2666,51.2159,96.13,21,4,0.47,clear sky
62,Georgetown,MY,5.4112,100.3354,82.33,86,20,1.99,few clouds
63,Tawau,MY,4.2498,117.8871,80.73,94,27,3.42,scattered clouds
64,Santa Cruz,BO,-17.8,-63.1667,67.46,27,40,14.97,scattered clouds
65,Te Anau,NZ,-45.4167,167.7167,43.05,91,94,0.87,heavy intensity rain
66,Mecca,SA,21.4267,39.8261,93.67,35,98,3.56,overcast clouds
67,Tuktoyaktuk,CA,69.4541,-133.0374,59.0,94,90,13.8,light rain
68,Puerto Ayora,EC,-0.7393,-90.3518,76.96,78,59,9.17,broken clouds
69,Malpe,IN,13.35,74.7167,79.9,84,85,11.56,moderate rain
70,Bonavista,CA,48.6499,-53.1147,77.0,72,81,7.52,broken clouds
71,Sibu,MY,2.3,111.8167,77.31,88,40,4.61,scattered clouds
72,Luderitz,NA,-26.6481,15.1594,60.85,50,0,17.94,clear sky
73,Thompson,CA,55.7435,-97.8558,66.36,42,75,5.75,broken clouds
74,Castro,BR,-24.7911,-50.0119,47.93,40,3,6.22,clear sky
75,Arraial Do Cabo,BR,-22.9661,-42.0278,73.36,55,75,28.77,broken clouds
76,Dingle,PH,10.9995,122.6711,77.22,91,99,6.6,overcast clouds
77,Ribeira Grande,PT,38.5167,-28.7,79.2,50,20,12.66,few clouds
78,Okhotsk,RU,59.3833,143.3,51.91,70,100,7.63,overcast clouds
79,Hithadhoo,MV,-0.6,73.0833,82.76,71,100,9.19,overcast clouds
80,Hovd,MN,48.0056,91.6419,64.47,42,2,3.18,clear sky
81,Port Blair,IN,11.6667,92.75,82.36,86,92,16.67,overcast clouds
82,Porto Novo,BJ,6.4965,2.6036,80.42,68,39,11.03,scattered clouds
83,Saskylakh,RU,71.9167,114.0833,69.94,60,38,7.78,scattered clouds
84,Ludvika,SE,60.1496,15.1878,62.6,84,55,7.65,broken clouds
85,Hermanus,ZA,-34.4187,19.2345,54.9,83,58,7.0,broken clouds
86,Sangre Grande,TT,10.5835,-61.1177,85.96,90,98,3.27,overcast clouds
87,Port Moresby,PG,-9.4431,147.1797,76.42,94,75,3.44,broken clouds
88,Port Lincoln,AU,-34.7333,135.8667,58.08,58,80,19.08,broken clouds
89,Soyo,AO,-6.1349,12.3689,75.25,84,0,10.2,clear sky
90,Ciudad Bolivar,VE,8.1222,-63.5497,81.9,69,92,6.89,overcast clouds
91,Aktanysh,RU,55.7216,54.0829,67.15,52,93,8.25,light rain
92,Jizan,SA,17.3333,42.6667,92.34,55,45,3.06,scattered clouds
93,Edson,CA,53.5835,-116.4356,71.71,53,1,3.44,clear sky
94,Hasaki,JP,35.7333,140.8333,75.49,92,5,7.29,moderate rain
95,Busselton,AU,-33.65,115.3333,52.09,64,100,28.34,overcast clouds
96,Chuy,UY,-33.6971,-53.4616,49.32,61,28,9.73,scattered clouds
97,Axim,GH,4.8699,-2.2405,78.66,75,90,7.31,overcast clouds
98,Mugur-Aksy,RU,50.35,90.5,50.34,83,84,4.36,broken clouds
99,Mulege,MX,26.8833,-111.9833,96.03,41,1,8.48,clear sky
100,Mossendjo,CG,-2.9506,12.7261,78.91,50,86,2.57,overcast clouds
101,East London,ZA,-33.0153,27.9116,59.94,77,0,12.66,clear sky
102,Nemuro,JP,43.3236,145.575,65.07,99,77,6.02,broken clouds
103,Alofi,NU,-19.0595,-169.9187,69.69,94,67,6.91,broken clouds
104,Wiarton,CA,44.7407,-81.1332,71.96,88,90,3.44,mist
105,Thinadhoo,MV,0.5333,72.9333,81.43,74,100,5.35,overcast clouds
106,Alice Springs,AU,-23.7,133.8833,58.55,51,0,4.61,clear sky
107,Lompoc,US,34.6391,-120.4579,89.13,93,90,5.75,mist
108,Narsaq,GL,60.9167,-46.05,59.22,72,67,6.33,broken clouds
109,Cape Town,ZA,-33.9258,18.4232,57.09,85,75,1.01,broken clouds
110,Bilma,NE,18.6853,12.9164,102.63,17,24,4.68,few clouds
111,Upernavik,GL,72.7868,-56.1549,42.06,97,100,13.53,overcast clouds
112,Bambous Virieux,MU,-20.3428,57.7575,69.22,88,75,18.41,light rain
113,Kisanga,TZ,-7.4362,37.7034,72.07,57,33,3.85,scattered clouds
114,Hilo,US,19.7297,-155.09,74.62,94,90,3.44,light rain
115,Airai,TL,-8.9266,125.4092,57.45,60,7,2.73,clear sky
116,Khatanga,RU,71.9667,102.5,66.24,63,26,8.66,scattered clouds
117,Rovaniemi,FI,66.5,25.7167,58.41,82,75,14.97,broken clouds
118,Lebu,CL,-37.6167,-73.65,56.52,61,0,5.1,clear sky
119,Coquimbo,CL,-29.9533,-71.3436,56.93,67,0,6.91,clear sky
120,Sao Filipe,CV,14.8961,-24.4956,75.83,75,96,10.07,overcast clouds
121,Ahtopol,BG,42.1,27.95,81.07,65,0,9.42,clear sky
122,Santa Maria,BR,-29.6842,-53.8069,51.1,46,20,9.22,few clouds
123,Kodiak,US,57.79,-152.4072,54.91,71,90,3.44,overcast clouds
124,Atar,MR,20.5169,-13.0499,103.03,17,53,11.63,broken clouds
125,Butaritari,KI,3.0707,172.7902,82.78,73,9,10.38,clear sky
126,Meadow Lake,US,34.8014,-106.5436,87.84,35,33,11.01,scattered clouds
127,Qianan,CN,44.9932,124.0581,73.15,87,100,3.89,light rain
128,Maceio,BR,-9.6658,-35.7353,85.44,61,40,4.61,scattered clouds
129,Bayanday,RU,53.0661,105.5139,53.92,98,100,6.71,overcast clouds
130,Iqaluit,CA,63.7506,-68.5145,53.33,58,20,5.75,few clouds
131,Rio Grande,BR,-32.035,-52.0986,53.71,55,11,15.7,few clouds
132,Ilam,NP,26.9167,87.9167,70.9,96,99,3.65,overcast clouds
133,Naze,JP,28.3667,129.4833,77.18,90,4,0.36,clear sky
134,Bengkulu,ID,-3.8004,102.2655,76.17,89,69,5.35,broken clouds
135,Anadyr,RU,64.75,177.4833,39.7,93,90,17.0,shower sleet
136,Bakaly,RU,55.1789,53.8028,68.77,55,100,12.73,light rain
137,San Rafael,AR,-34.6177,-68.3301,61.43,17,0,13.02,clear sky
138,Hirara,JP,24.8,125.2833,82.49,91,85,8.81,overcast clouds
139,Davidesti,RO,45.0167,25.0333,69.19,74,37,3.18,scattered clouds
140,Keita,NE,14.7551,5.7749,86.34,55,99,7.7,overcast clouds
141,Ancud,CL,-41.8697,-73.8203,42.33,75,41,4.05,scattered clouds
142,Arkhangelsk,RU,64.5401,40.5433,55.51,94,75,4.47,light rain
143,Cabo San Lucas,MX,22.8909,-109.9124,99.52,65,20,4.0,few clouds
144,Richards Bay,ZA,-28.783,32.0377,68.41,70,26,15.93,light rain
145,Raymondville,US,26.4815,-97.7831,89.94,43,84,7.52,broken clouds
146,Teya,RU,60.3778,92.6267,51.24,97,100,2.06,overcast clouds
147,Canaries,ES,28.0,-15.5,71.56,61,20,28.77,few clouds
148,Tanete,ID,-3.9443,119.7848,75.78,92,77,5.82,broken clouds
149,San Quintin,MX,30.4833,-115.95,76.73,65,12,12.77,few clouds
150,Cabedelo,BR,-6.9811,-34.8339,84.87,69,34,12.77,scattered clouds
151,Vadso,NO,70.0744,29.7487,49.08,76,75,8.05,broken clouds
152,Agirish,RU,61.9247,63.0231,45.48,89,83,4.59,broken clouds
153,Kaitangata,NZ,-46.2817,169.8464,40.77,89,44,5.32,scattered clouds
154,Bluff,NZ,-46.6,168.3333,41.81,81,86,7.54,overcast clouds
155,Aykhal,RU,66.0,111.5,64.98,50,40,7.49,scattered clouds
156,Labuhan,ID,-6.8844,112.2051,76.71,83,80,5.03,broken clouds
157,Sioux Lookout,CA,50.1001,-91.917,64.78,51,40,4.61,scattered clouds
158,Sao Raimundo Nonato,BR,-9.0153,-42.6994,98.38,18,1,3.15,clear sky
159,Sahuaripa,MX,29.05,-109.2333,86.4,52,56,1.28,broken clouds
160,Bowen,AU,-20.0167,148.2333,64.62,89,4,4.85,clear sky
161,Margate,GB,51.3813,1.3862,69.69,52,41,4.0,scattered clouds
162,Lagos,NG,6.5833,3.75,84.52,79,44,7.45,scattered clouds
163,Bagdarin,RU,54.4333,113.6,53.6,96,16,4.0,few clouds
164,Cascais,PT,38.6979,-9.4215,76.86,61,20,14.0,few clouds
165,Fairbanks,US,64.8378,-147.7164,60.1,89,90,4.61,overcast clouds
166,Chardara,KZ,41.2547,67.9692,80.47,30,29,11.7,scattered clouds
167,Westport,US,41.1415,-73.3579,78.94,78,40,1.99,scattered clouds
168,Carnarvon,AU,-24.8667,113.6333,66.27,77,40,9.22,scattered clouds
169,New Norfolk,AU,-42.7826,147.0587,43.75,78,87,3.38,overcast clouds
170,Pisco,PE,-13.7,-76.2167,64.45,77,75,6.91,mist
171,Lorengau,PG,-2.0226,147.2712,81.07,78,17,3.36,few clouds
172,Artyom,AZ,40.4723,50.333,75.34,67,8,12.41,clear sky
173,Dubbo,AU,-32.25,148.6167,32.13,93,0,4.61,clear sky
174,Glotovka,RU,53.9491,46.7042,62.51,97,93,6.29,overcast clouds
175,Hokitika,NZ,-42.7167,170.9667,50.68,81,96,6.93,moderate rain
176,San Cristobal,VE,7.7669,-72.225,78.98,59,71,9.1,broken clouds
177,Norsup,VU,-16.0667,167.3833,76.3,86,49,4.43,moderate rain
178,Sorong,ID,-0.8833,131.25,80.89,80,87,1.52,overcast clouds
179,Ust-Nera,RU,64.5667,143.2,39.88,81,22,5.23,few clouds
180,Hofn,IS,64.2539,-15.2082,57.22,82,20,5.75,few clouds
181,Kanniyakumari,IN,8.0833,77.5667,80.22,79,87,21.43,overcast clouds
182,Kavieng,PG,-2.5744,150.7967,81.73,75,10,5.1,clear sky
183,Berlevag,NO,70.8578,29.0864,46.35,81,75,3.44,broken clouds
184,Whitianga,NZ,-36.8333,175.7,52.02,91,31,2.59,scattered clouds
185,Srednekolymsk,RU,67.45,153.6833,35.4,86,95,8.46,overcast clouds
186,Comodoro Rivadavia,AR,-45.8667,-67.5,64.26,20,0,25.32,clear sky
187,Constitucion,CL,-35.3333,-72.4167,59.61,54,0,4.12,clear sky
188,Snasa,NO,64.2457,12.3778,69.21,81,78,3.22,moderate rain
189,Cidreira,BR,-30.1811,-50.2056,51.53,52,55,17.0,broken clouds
190,Mirnyy,RU,62.5353,113.9611,53.69,60,2,3.83,clear sky
191,Karabuk,TR,41.2049,32.6277,73.72,52,0,2.62,clear sky
192,Avera,US,33.194,-82.5271,94.68,41,9,2.04,clear sky
193,Grand-Lahou,CI,5.1367,-5.0242,77.79,79,93,6.26,overcast clouds
194,Erzin,TR,36.9559,36.2,84.92,47,0,6.22,clear sky
195,Chapada Dos Guimaraes,BR,-15.4606,-55.7497,58.66,15,1,8.57,clear sky
196,Norman Wells,CA,65.282,-126.8329,60.84,88,90,0.0,overcast clouds
197,Gotsu,JP,35.0,132.2167,73.17,83,75,3.65,broken clouds
198,Batagay-Alyta,RU,67.8006,130.4114,45.28,64,87,1.16,overcast clouds
199,Provideniya,RU,64.3833,-173.3,46.36,86,95,6.62,overcast clouds
200,Longyearbyen,SJ,78.2186,15.6401,46.24,66,75,10.36,broken clouds
201,Tual,ID,-5.6667,132.75,80.29,81,99,11.54,overcast clouds
202,Chenghai,CN,23.4632,116.768,78.71,94,20,2.24,few clouds
203,Geraldton,AU,-28.7667,114.6,63.12,82,75,18.41,broken clouds
204,Santa Cruz De La Palma,ES,28.6835,-17.7642,75.34,69,20,14.97,few clouds
205,Khani,GE,41.9563,42.9566,69.37,94,75,3.02,broken clouds
206,Rakiv Lis,UA,51.6217,24.9243,69.53,68,30,6.53,scattered clouds
207,Hambantota,LK,6.1241,81.1185,80.11,83,92,18.45,overcast clouds
208,Ogdensburg,US,44.6942,-75.4863,65.44,88,40,0.0,scattered clouds
209,Tautira,PF,-17.7333,-149.15,75.22,80,45,8.72,light rain
210,Clovis,US,36.8252,-119.7029,102.47,38,20,1.01,smoke
211,Valdemarpils,LV,57.3707,22.5919,65.62,65,41,10.58,scattered clouds
212,Budogoshch,RU,59.2816,32.4707,67.95,76,94,5.41,overcast clouds
213,Gaomi,CN,36.3833,119.7528,76.78,91,92,9.95,overcast clouds
214,Cayenne,GF,4.9333,-52.3333,85.08,76,75,1.99,broken clouds
215,Vila,PT,42.0304,-8.1588,75.74,49,1,6.73,clear sky
216,Brae,GB,60.3964,-1.353,58.91,92,96,11.03,overcast clouds
217,Mayo,US,38.8876,-76.5119,88.45,72,90,8.99,overcast clouds
218,Parrsboro,CA,45.4001,-64.332,77.32,38,13,15.99,few clouds
219,Srandakan,ID,-7.9386,110.2506,75.43,90,62,4.63,broken clouds
220,Portland,US,45.5234,-122.6762,86.61,51,1,4.0,clear sky
221,Gat,IL,31.61,34.7642,84.81,100,0,4.7,clear sky
222,Bethel,US,41.3712,-73.414,77.47,77,75,1.01,broken clouds
223,Noyabrsk,RU,63.1994,75.4507,47.16,82,100,11.95,overcast clouds
224,Vostok,RU,46.4856,135.8833,67.84,93,83,3.02,light rain
225,Korla,CN,41.7597,86.1469,91.27,20,30,21.16,scattered clouds
226,Laguna,US,38.421,-121.4238,99.64,51,1,3.0,clear sky
227,Hengyang,CN,26.8881,112.615,84.22,64,34,2.68,scattered clouds
228,Vestmannaeyjar,IS,63.4427,-20.2734,59.99,77,40,10.36,scattered clouds
229,Codrington,AU,-38.2667,141.9667,49.19,51,17,20.0,few clouds
230,Tamano,JP,34.4833,133.95,80.38,78,7,9.57,clear sky
231,Zapolyarnyy,RU,69.4154,30.8136,47.48,77,100,11.14,overcast clouds
232,Conceicao Do Araguaia,BR,-8.2578,-49.2647,95.13,29,0,9.22,clear sky
233,Tandil,AR,-37.3217,-59.1332,59.11,39,0,3.0,clear sky
234,Koungheul,SN,13.9833,-14.8,86.02,60,91,10.25,overcast clouds
235,Lasa,IT,46.6166,10.7002,78.71,86,57,2.19,broken clouds
236,Usinsk,RU,65.9939,57.5281,46.4,85,98,6.8,overcast clouds
237,Souillac,MU,-20.5167,57.5167,69.37,88,75,18.41,light rain
238,Oranjemund,NA,-28.55,16.4333,56.19,72,0,15.7,clear sky
239,Korampallam,IN,8.7667,78.1,83.14,62,98,17.29,overcast clouds
240,Emba,KZ,48.8264,58.1442,74.64,31,0,10.33,clear sky
241,Big Spring,US,32.2504,-101.4787,91.35,55,1,4.0,clear sky
242,South Bend,US,41.6834,-86.25,85.1,75,90,13.8,overcast clouds
243,Puerto Ayacucho,VE,5.6639,-67.6236,85.68,66,57,0.74,broken clouds
244,Severo-Kurilsk,RU,50.6789,156.125,56.26,97,78,3.15,broken clouds
245,Olafsvik,IS,64.8945,-23.7142,53.64,87,84,6.98,broken clouds
246,Kutum,SD,14.2,24.6667,84.87,45,94,5.44,overcast clouds
247,Puerto Escondido,MX,15.85,-97.0667,88.63,62,75,6.91,broken clouds
248,Raga,SS,8.4596,25.678,73.18,87,91,3.69,overcast clouds
249,Saldanha,ZA,-33.0117,17.9442,52.97,88,29,5.35,scattered clouds
250,Novobirilyussy,RU,56.9514,90.6661,55.42,68,83,2.51,broken clouds
251,Sao Miguel,BR,-5.4667,-35.3667,84.97,58,59,19.1,broken clouds
252,Darnah,LY,32.767,22.6367,81.16,71,0,20.74,clear sky
253,Shingu,JP,33.7333,135.9833,77.92,87,2,5.44,clear sky
254,Xifeng,CN,42.7372,124.7222,73.72,75,100,3.85,light rain
255,Liverpool,GB,53.4106,-2.9779,67.78,67,40,5.01,scattered clouds
256,Wilmington,US,34.2257,-77.9447,91.94,69,1,0.0,clear sky
257,Rio Brilhante,BR,-21.8019,-54.5464,61.38,20,21,6.15,few clouds
258,Torbay,CA,47.6666,-52.7314,72.28,74,75,14.97,broken clouds
259,Goure,NE,13.9835,10.2704,88.02,43,88,4.07,overcast clouds
260,Kibala,TD,9.1104,18.3463,84.15,74,20,0.0,light rain
261,Tianpeng,CN,30.9866,103.9393,82.87,57,81,3.85,broken clouds
262,Buritis,BR,-15.6178,-46.4233,85.39,25,1,4.38,clear sky
263,Pandan,PH,14.0453,124.1694,82.13,78,95,11.05,overcast clouds
264,Cairns,AU,-16.9167,145.7667,64.35,100,90,1.14,overcast clouds
265,Ust-Tsilma,RU,65.441,52.1498,48.09,91,100,3.24,overcast clouds
266,Surenavan,AM,39.75,44.8,75.81,41,74,9.51,broken clouds
267,Canavieiras,BR,-15.675,-38.9472,80.56,68,1,8.99,clear sky
268,Bonnyville,CA,54.2668,-110.735,75.0,27,87,3.06,overcast clouds
269,Placido De Castro,BR,-10.3353,-67.1856,81.19,19,0,7.36,clear sky
270,Ucluelet,CA,48.9329,-125.5528,80.04,75,0,6.53,clear sky
271,Luganville,VU,-15.5333,167.1667,75.18,87,54,2.15,broken clouds
272,Yar-Sale,RU,66.8333,70.8333,52.74,97,100,9.64,light rain
273,Nantucket,US,41.2835,-70.0995,77.34,52,1,16.11,clear sky
274,Navolato,MX,24.7672,-107.6944,91.63,70,92,6.2,overcast clouds
275,Burnie,AU,-41.0667,145.9167,50.22,85,38,11.54,scattered clouds
276,Kenai,US,60.5544,-151.2583,57.09,80,90,16.11,overcast clouds
277,Klaksvik,FO,62.2266,-6.589,54.52,96,100,11.32,overcast clouds
278,Chapais,CA,49.7834,-74.8492,58.78,93,100,6.73,overcast clouds
279,Sao Joao Da Barra,BR,-21.6403,-41.0511,69.89,56,98,24.99,overcast clouds
280,Poum,NC,-20.2333,164.0167,70.75,69,57,3.0,broken clouds
281,Mnogovershinnyy,RU,53.9353,139.9242,56.68,99,100,5.5,moderate rain
282,Harer,ET,9.3094,42.1258,61.34,73,95,5.01,overcast clouds
283,Talnakh,RU,69.4865,88.3972,59.09,74,91,2.55,overcast clouds
284,Mirabad,AF,30.4362,61.8383,95.23,13,28,25.81,scattered clouds
285,Amuntai,ID,-2.4177,115.2494,74.82,93,95,1.7,overcast clouds
286,Setermoen,NO,68.861,18.3486,67.44,66,93,2.01,overcast clouds
287,Suez,EG,29.9737,32.5263,85.05,43,0,12.37,clear sky
288,Sayyan,YE,15.1718,44.3244,66.38,58,92,2.48,overcast clouds
289,Takoradi,GH,4.8845,-1.7554,77.97,76,95,7.99,overcast clouds
290,Etchoropo,MX,26.7667,-109.6667,91.62,60,51,13.82,broken clouds
291,Lerum,SE,57.7745,12.2697,61.93,91,75,3.0,light intensity drizzle
292,Waingapu,ID,-9.6567,120.2641,74.34,85,24,8.88,few clouds
293,Deputatskiy,RU,69.3,139.9,37.27,83,74,2.42,broken clouds
294,Altamont,US,42.2068,-121.7372,80.78,47,1,4.0,clear sky
295,Pierre,US,44.3683,-100.351,90.0,65,1,5.01,clear sky
296,Esperance,AU,-33.8667,121.9,57.04,78,35,26.64,light rain
297,Tabou,CI,4.423,-7.3528,78.6,76,83,7.61,broken clouds
298,Komsomolskiy,UZ,40.4272,71.7189,84.92,24,84,9.22,broken clouds
299,Chokurdakh,RU,70.6333,147.9167,35.31,77,100,5.23,overcast clouds
300,Kirakira,SB,-10.4544,161.9205,77.68,85,27,5.61,scattered clouds
301,Sampit,ID,-2.5333,112.95,73.81,96,62,2.04,broken clouds
302,Port Macquarie,AU,-31.4333,152.9167,44.38,55,0,5.95,clear sky
303,Plouzane,FR,48.3833,-4.6167,66.22,79,90,19.57,overcast clouds
304,Conceicao Da Barra,BR,-18.5933,-39.7322,71.28,68,97,14.52,overcast clouds
305,Kiruna,SE,67.8557,20.2251,58.12,63,75,4.61,broken clouds
306,Yenagoa,NG,4.9247,6.2642,80.08,63,78,8.39,broken clouds
307,Salinopolis,BR,-0.6136,-47.3561,82.27,79,22,8.28,few clouds
308,Camana,PE,-16.6228,-72.7111,65.39,71,38,8.99,scattered clouds
309,Katsuura,JP,35.1333,140.3,81.1,90,8,7.49,clear sky
310,Wilkie,CA,52.4168,-108.7014,79.9,45,100,10.38,overcast clouds
311,Banda Aceh,ID,5.5577,95.3222,81.37,78,99,12.41,overcast clouds
312,Umm Bab,QA,25.2142,50.8072,100.08,50,18,10.25,few clouds
313,Sorland,NO,67.667,12.6934,51.87,85,0,31.85,clear sky
314,Rocha,UY,-34.4833,-54.3333,51.01,54,37,11.59,scattered clouds
315,Ixtapa,MX,20.7,-105.2,89.22,62,20,3.44,few clouds
316,Teahupoo,PF,-17.8333,-149.2667,69.76,79,42,9.71,light rain
317,Miri,MY,4.4148,114.0089,84.34,74,40,5.75,scattered clouds
318,Caucaia,BR,-3.7361,-38.6531,87.08,69,0,14.97,clear sky
319,Vestmanna,FO,62.1564,-7.1664,52.72,100,40,9.22,scattered clouds
320,Bar-Le-Duc,FR,48.75,5.1667,70.18,76,86,3.2,overcast clouds
321,Saint-Augustin,CA,51.226,-58.6502,65.3,52,89,12.66,overcast clouds
322,Umm Kaddadah,SD,13.6017,26.6876,94.64,31,100,2.19,overcast clouds
323,Sur,OM,22.5667,59.5289,94.03,48,78,16.82,broken clouds
324,Pevek,RU,69.7008,170.3133,32.32,94,100,25.99,light snow
325,Saint-Felicien,CA,48.6501,-72.4491,63.28,77,90,10.36,overcast clouds
326,Masterton,NZ,-40.9597,175.6575,53.78,95,26,3.2,scattered clouds
327,Belyy Yar,RU,53.6039,91.3903,53.49,94,0,2.24,clear sky
328,Santander,ES,43.4647,-3.8044,70.32,88,75,3.0,broken clouds
329,Boguchany,RU,58.3814,97.4531,53.69,96,98,4.54,overcast clouds
330,Ahipara,NZ,-35.1667,173.1667,55.67,92,39,9.75,scattered clouds
331,Terme,TR,41.2092,36.9739,76.93,90,11,5.66,few clouds
332,Kayasula,RU,44.325,45.0,77.18,30,0,10.0,clear sky
333,Shambu,ET,9.5667,37.1,53.38,95,100,3.09,moderate rain
334,Saint-Joseph,RE,-21.3667,55.6167,68.38,80,28,17.38,light rain
335,Cockburn Town,TC,21.4612,-71.1419,87.76,62,40,13.8,scattered clouds
336,Hervey Bay,AU,-25.2986,152.8535,55.04,63,0,11.74,clear sky
337,Cururupu,BR,-1.8283,-44.8683,86.34,57,20,7.09,few clouds
338,Luena,AO,-11.7833,19.9167,60.58,27,58,4.9,broken clouds
339,Kiomboi,TZ,-4.2667,34.3667,68.49,43,70,6.44,broken clouds
340,Fortuna,US,40.5982,-124.1573,62.98,90,1,8.05,clear sky
341,Upington,ZA,-28.4478,21.2561,55.78,30,0,4.61,clear sky
342,Beringovskiy,RU,63.05,179.3167,43.39,80,99,8.86,overcast clouds
343,Areia Branca,BR,-4.9561,-37.1369,100.6,59,17,17.4,few clouds
344,Flinders,AU,-34.5833,150.8552,48.38,67,0,1.01,clear sky
345,Burgersdorp,ZA,-30.9977,26.3286,45.48,26,1,3.87,clear sky
346,Bathurst,AU,-33.4166,149.5806,37.85,96,0,1.9,clear sky
347,Appleton,US,44.2619,-88.4154,82.49,71,75,4.0,broken clouds
348,Stillwater,US,36.1156,-97.0584,95.85,56,4,3.0,clear sky
349,Khorixas,NA,-20.3667,14.9667,69.01,16,0,7.16,clear sky
350,La Ronge,CA,55.1001,-105.2842,77.22,50,20,3.44,few clouds
351,Ashland,US,40.8167,-82.2665,81.27,82,100,17.22,overcast clouds
352,Chemin Grenier,MU,-20.4872,57.4656,68.58,78,21,19.89,light rain
353,Owatonna,US,44.0839,-93.226,85.84,59,40,3.0,scattered clouds
354,Leh,IN,34.1667,77.5833,65.07,56,88,5.14,overcast clouds
355,Ambilobe,MG,-13.2,49.05,68.72,83,52,3.47,broken clouds
356,Belmonte,BR,-15.8631,-38.8828,81.1,70,1,9.89,clear sky
357,Victoria,HK,22.2855,114.1577,86.38,87,99,1.99,overcast clouds
358,Coihaique,CL,-45.5752,-72.0662,54.21,43,75,11.5,broken clouds
359,Tasiilaq,GL,65.6145,-37.6368,55.56,68,62,3.11,broken clouds
360,Asau,RO,46.4333,26.4,79.72,71,9,4.07,clear sky
361,Trimbak,IN,19.9333,73.55,68.65,95,100,14.79,overcast clouds
362,Dargaville,NZ,-35.9333,173.8833,49.46,96,21,4.74,few clouds
363,Kungalv,SE,57.871,11.9805,62.11,87,99,4.0,overcast clouds
364,Shakhtinsk,KZ,49.71,72.5872,66.76,53,100,8.39,overcast clouds
365,Port Hardy,CA,50.6996,-127.4199,60.98,88,40,3.44,fog
366,Bomet,KE,-0.7813,35.3416,58.57,86,90,3.02,light rain
367,Derzhavinsk,KZ,51.1,66.3167,60.98,47,0,7.65,clear sky
368,Port-Cartier,CA,50.0334,-66.8654,62.82,59,78,9.28,broken clouds
369,Xinxiang,CN,35.3089,113.8672,69.66,92,2,4.25,clear sky
370,Rawson,AR,-43.3002,-65.1023,62.11,32,3,18.59,clear sky
371,Jalu,LY,29.0331,21.5482,93.99,17,0,7.47,clear sky
372,Severomuysk,RU,56.1481,113.4267,53.29,71,25,3.44,scattered clouds
373,Pacifica,US,37.6138,-122.4869,86.63,82,75,3.0,broken clouds
374,Tuatapere,NZ,-46.1333,167.6833,41.83,85,97,6.24,overcast clouds
375,Maniitsoq,GL,65.4167,-52.9,47.3,71,100,5.73,overcast clouds
376,Havelock,US,34.8791,-76.9013,91.06,76,7,3.0,clear sky
377,Caernarfon,GB,53.1413,-4.2702,65.71,61,100,12.66,overcast clouds
378,Ouadda,CF,8.0777,22.4007,69.82,94,73,2.39,light rain
379,Bealanana,MG,-14.55,48.7333,55.89,98,12,2.8,few clouds
380,Vrangel,RU,42.7297,133.0839,72.37,86,92,3.96,overcast clouds
381,Alegrete,BR,-29.7831,-55.7919,52.92,43,2,6.89,clear sky
382,Nikolskoye,RU,59.7035,30.7861,75.09,66,100,4.12,overcast clouds
383,Beyneu,KZ,45.3167,55.2,85.95,21,2,5.68,clear sky
384,Garissa,KE,-0.4536,39.6401,78.1,55,92,22.55,overcast clouds
385,Tomigusuku,JP,26.185,127.675,80.73,91,20,3.44,few clouds
386,Alnashi,RU,56.1874,52.4792,63.45,78,99,12.8,light rain
387,Veraval,IN,20.9,70.3667,82.02,85,100,22.93,overcast clouds
388,Harper,LR,4.375,-7.7169,77.92,78,95,7.76,light rain
389,Altay,CN,47.8667,88.1167,64.44,17,0,5.79,clear sky
390,Ust-Ilimsk,RU,58.0006,102.6619,63.59,95,98,5.88,overcast clouds
391,Mapiripan,CO,2.8892,-72.1256,85.3,63,36,0.76,scattered clouds
392,Kaliganj,BD,23.4095,89.1402,77.83,95,100,15.82,overcast clouds
393,Bara,NG,10.3744,10.7288,77.79,81,77,2.04,moderate rain
394,Zhob,PK,31.3411,69.4481,86.16,51,0,4.83,clear sky
395,Ishurdi,BD,24.1333,89.0833,77.74,95,97,14.12,overcast clouds
396,Viedma,AR,-40.8135,-62.9967,63.99,22,0,13.2,clear sky
397,Manokwari,ID,-0.8667,134.0833,78.03,79,31,4.23,scattered clouds
398,Marion,US,39.7684,-86.1555,87.58,77,90,12.66,overcast clouds
399,Abu Dhabi,AE,24.4667,54.3667,96.91,71,42,2.3,scattered clouds
400,Saint-Georges,GD,12.0564,-61.7485,80.28,83,40,13.8,scattered clouds
401,Ouegoa,NC,-20.35,164.4333,67.24,74,4,2.82,clear sky
402,Tiksi,RU,71.6872,128.8694,43.47,76,11,4.29,few clouds
403,Puqi,CN,29.7167,113.8833,78.04,82,0,2.44,clear sky
404,Paamiut,GL,61.994,-49.6678,44.94,86,93,5.79,overcast clouds
405,Sainte-Anne-Des-Monts,CA,49.124,-66.4924,66.07,59,91,18.41,overcast clouds
406,Rahuri,IN,19.3833,74.65,75.04,79,100,16.24,overcast clouds
407,Mbuguni,TZ,-3.5667,36.95,65.48,70,58,6.26,broken clouds
408,Beroroha,MG,-21.6667,45.1667,72.61,53,8,12.55,clear sky
409,Dulce Nombre De Culmi,HN,15.1,-85.5333,91.63,48,76,5.5,broken clouds
410,Genas,FR,45.7322,4.9994,81.99,44,0,5.75,clear sky
411,Verkhnevilyuysk,RU,63.4453,120.3167,50.92,64,13,2.21,few clouds
412,Tucumcari,US,35.1717,-103.725,87.94,39,1,9.22,clear sky
413,Miraflores,MX,19.2167,-98.8083,70.03,54,81,2.73,broken clouds
414,Sisimiut,GL,66.9395,-53.6735,50.77,64,90,5.06,overcast clouds
415,Chake Chake,TZ,-5.2459,39.7666,74.37,78,3,12.71,clear sky
416,Goderich,CA,43.7501,-81.7165,79.03,88,80,8.05,broken clouds
417,Laem Sing,TH,12.4816,102.0738,81.52,85,100,12.64,light rain
418,Zhuhai,CN,22.2769,113.5678,86.11,89,20,6.91,few clouds
419,Pacific Grove,US,36.6177,-121.9166,84.16,87,20,4.0,few clouds
420,Alugan,PH,12.2188,125.4808,80.11,83,97,7.92,overcast clouds
421,Sangar,RU,63.9242,127.4739,53.33,46,33,4.79,scattered clouds
422,Kushmurun,KZ,52.4503,64.6311,62.65,45,0,5.44,clear sky
423,Noumea,NC,-22.2763,166.4572,69.01,99,46,5.91,scattered clouds
424,Nicoya,CR,10.1483,-85.452,89.15,77,97,4.0,overcast clouds
425,Shalya,RU,57.2471,58.7298,55.17,74,88,4.79,overcast clouds
426,San Patricio,US,28.017,-97.5169,92.88,44,64,8.97,broken clouds
427,Aswan,EG,24.0934,32.907,103.3,13,0,12.66,clear sky
428,Ilulissat,GL,69.2167,-51.1,51.82,66,75,6.91,broken clouds
429,Adrar,MR,20.5022,-10.0711,101.44,18,87,11.01,overcast clouds
430,Catanzaro,IT,38.8908,16.5987,93.52,35,2,8.23,clear sky
431,Villa Carlos Paz,AR,-31.4241,-64.4978,58.39,41,0,4.0,clear sky
432,Qasigiannguit,GL,68.8193,-51.1922,52.05,74,100,8.79,overcast clouds
433,Timra,SE,62.487,17.3257,71.31,67,0,3.44,clear sky
434,Baykit,RU,61.67,96.37,61.9,99,92,1.83,light rain
435,Haines Junction,CA,60.7522,-137.5108,57.15,62,90,1.14,overcast clouds
436,Masuguru,TZ,-11.3667,38.4167,78.67,36,51,2.44,broken clouds
437,Anzio,IT,41.4853,12.6179,90.3,73,0,9.37,clear sky
438,Maracacume,BR,-2.0428,-45.9592,86.81,62,43,1.72,scattered clouds
439,Half Moon Bay,US,37.4636,-122.4286,87.87,71,20,0.0,few clouds
440,Singaraja,ID,-8.112,115.0882,78.51,78,35,4.18,scattered clouds
441,Ketchikan,US,55.3422,-131.6461,63.07,77,90,0.0,light rain
442,Wattegama,LK,6.7989,81.4808,78.48,71,75,5.17,broken clouds
443,Camacha,PT,33.0833,-16.3333,72.36,60,20,16.11,few clouds
444,Corpus Christi,US,27.8006,-97.3964,93.02,66,75,7.0,broken clouds
445,Buraydah,SA,26.326,43.975,104.45,11,87,10.09,overcast clouds
446,Ponta Do Sol,PT,32.6667,-17.1,76.12,55,20,5.46,few clouds
447,Acarau,BR,-2.8856,-40.12,85.98,63,41,17.65,scattered clouds
448,Pangnirtung,CA,66.1451,-65.7125,51.8,76,1,10.36,clear sky
449,Elko,US,41.0002,-115.5012,81.64,29,14,7.0,few clouds
450,Hit,IQ,33.6416,42.8251,97.77,15,0,13.65,clear sky
451,Bellevue,US,47.6104,-122.2007,81.99,54,1,1.99,clear sky
452,Kiama,AU,-34.6833,150.8667,48.58,65,0,8.01,clear sky
453,Maragogi,BR,-9.0122,-35.2225,78.8,71,31,6.46,scattered clouds
454,Devecser,HU,47.1032,17.438,85.35,39,15,2.26,few clouds
455,Brive-La-Gaillarde,FR,45.25,1.5,77.41,58,4,1.16,clear sky
456,Zhangjiakou,CN,40.81,114.8794,65.61,89,100,0.22,overcast clouds
457,Faya,SA,18.3851,42.4509,68.11,68,71,4.72,broken clouds
458,Meulaboh,ID,4.1363,96.1285,77.88,87,100,3.42,overcast clouds
459,Montenegro,ME,42.5,19.3,91.15,20,0,9.22,clear sky
460,Payson,US,40.0444,-111.7321,88.56,51,1,3.0,clear sky
461,Faanui,PF,-16.4833,-151.75,78.26,75,53,14.7,light rain
462,College,US,64.8569,-147.8028,62.26,89,90,0.0,overcast clouds
463,Nioro,GM,13.35,-15.75,81.37,74,97,5.23,overcast clouds
464,Vila Velha,BR,-20.3297,-40.2925,67.95,64,90,13.8,overcast clouds
465,Barcelos,PT,41.5388,-8.6151,85.28,53,2,11.86,clear sky
466,Bereda,ES,43.2686,-7.5406,76.41,67,0,4.56,clear sky
467,Ostrovnoy,RU,68.0531,39.5131,47.14,81,89,5.46,overcast clouds
468,Boa Vista,BR,2.8197,-60.6733,80.58,69,90,9.22,overcast clouds
469,Muravlenko,RU,63.7898,74.523,50.07,82,100,13.53,overcast clouds
470,Gizo,SB,-8.103,156.8419,81.18,79,25,9.51,scattered clouds
471,Nishihara,JP,26.1842,127.7558,80.26,88,20,3.44,few clouds
472,Ridgecrest,US,35.6225,-117.6709,96.03,22,75,1.01,broken clouds
473,Tura,IN,25.5198,90.2201,74.52,93,100,6.93,overcast clouds
474,Port Hedland,AU,-20.3167,118.5667,68.05,94,0,9.22,clear sky
475,Conde,BR,-7.2597,-34.9075,83.66,61,40,12.66,scattered clouds
476,Kahului,US,20.8947,-156.47,76.84,88,40,4.61,scattered clouds
477,Paka,MY,4.6374,103.4368,76.93,94,100,0.0,moderate rain
478,Benghazi,LY,32.1167,20.0667,83.35,64,0,16.22,clear sky
479,Bradford,GB,53.7939,-1.7521,64.62,72,75,19.57,light intensity drizzle
480,Alta Floresta,BR,-9.8756,-56.0861,82.22,32,0,6.91,clear sky
481,Puerto Leguizamo,CO,-0.1934,-74.7819,83.35,68,73,0.85,broken clouds
482,Lisala,CD,2.15,21.5167,76.8,71,97,2.86,overcast clouds
483,Hindupur,IN,13.8289,77.4933,75.0,70,100,16.2,overcast clouds
484,Santo Domingo,DO,18.5001,-69.9886,86.04,79,40,7.0,scattered clouds
485,Grand Gaube,MU,-20.0064,57.6608,69.39,77,44,11.99,light rain
486,Touros,BR,-5.1989,-35.4608,85.1,61,63,18.14,broken clouds
487,Zeya,RU,53.75,127.2667,58.53,97,65,4.56,broken clouds
488,Malakal,SS,9.5334,31.6605,73.94,91,94,4.14,overcast clouds
489,Narsipatnam,IN,17.6667,82.6167,81.81,68,100,6.44,overcast clouds
490,Tabuk,PH,17.4189,121.4443,77.02,87,100,2.42,overcast clouds
491,Codajas,BR,-3.8367,-62.0569,92.64,33,12,6.26,few clouds
492,Fitionesti,RO,45.9833,27.05,80.98,50,43,6.13,scattered clouds
493,Okha,RU,53.5739,142.9478,60.78,99,100,9.55,moderate rain
494,Vila Franca Do Campo,PT,37.7167,-25.4333,75.61,69,50,5.66,scattered clouds
495,Careiro Da Varzea,BR,-3.2003,-59.8119,90.23,30,3,4.27,light rain
496,Basco,PH,20.4487,121.9702,83.41,85,100,26.08,overcast clouds
497,Kosai,JP,34.7105,137.5316,79.16,82,49,1.19,scattered clouds
498,Mandalgovi,MN,45.7625,106.2708,60.98,71,63,9.19,broken clouds
499,Lae,PG,-6.7221,146.9847,73.94,90,73,4.7,broken clouds
500,Matay,EG,28.419,30.7792,93.04,16,4,7.45,clear sky
501,Litovko,RU,49.2361,135.1742,76.55,61,100,6.24,overcast clouds
502,Satara,IN,17.6833,73.9833,70.25,91,100,12.21,overcast clouds
503,Pimentel,PE,-6.8367,-79.9342,68.29,83,90,1.99,overcast clouds
504,Mrkonjic Grad,BA,44.4158,17.0861,83.14,56,3,0.54,clear sky
505,Kirando,TZ,-7.4167,30.6,73.71,51,0,2.08,clear sky
506,Yumen,CN,40.2833,97.2,81.73,16,0,11.03,clear sky
507,Broome,US,42.2506,-75.833,72.19,92,90,1.01,moderate rain
508,Honiara,SB,-9.4333,159.95,76.1,89,5,4.85,clear sky
509,Lagoa,PT,39.05,-27.9833,70.9,81,46,9.19,scattered clouds
510,Olden,NO,61.8364,6.8064,76.15,64,98,4.63,overcast clouds
511,Woodward,US,36.4337,-99.3904,96.93,41,1,5.75,clear sky
512,Oyama,JP,36.3,139.8,83.59,93,100,3.8,moderate rain
513,Huilong,CN,31.8111,121.655,80.98,93,50,7.14,scattered clouds
514,Pljevlja,ME,43.3333,19.3333,81.86,39,12,5.59,few clouds
515,Udarnyy,RU,54.3409,42.8611,65.82,86,48,5.12,scattered clouds
516,Wasilla,US,61.5814,-149.4394,54.05,92,90,0.0,mist
517,Pitimbu,BR,-7.4706,-34.8086,84.79,69,56,11.36,broken clouds
518,Macenta,GN,8.5435,-9.471,74.3,79,92,2.89,light rain
519,Bjornevatn,NO,69.6672,29.9847,48.54,66,75,8.05,broken clouds
520,Trelew,AR,-43.249,-65.3051,65.16,25,3,17.63,clear sky
521,Zima,RU,53.9202,102.0442,52.68,94,100,7.81,moderate rain
522,Altusried,DE,47.8,10.2167,73.8,86,89,2.06,overcast clouds
523,Nianzishan,CN,47.5167,122.8833,67.95,92,6,1.9,clear sky
524,Magistralnyy,RU,56.1725,107.4458,63.64,69,21,2.95,few clouds
525,Caravelas,BR,-17.7125,-39.2481,71.85,85,47,17.38,scattered clouds
526,Daru,PG,-9.0763,143.2092,76.5,92,66,10.16,broken clouds
527,Ziway,ET,7.9333,38.7167,64.36,75,97,12.64,overcast clouds
528,Suhbaatar,MN,50.2314,106.2078,57.2,91,57,8.08,broken clouds
529,Aquiraz,BR,-3.9014,-38.3911,87.22,60,24,12.41,few clouds
530,Eirunepe,BR,-6.6603,-69.8736,85.53,30,18,6.33,few clouds
531,Xiuyan,CN,40.2928,123.2744,71.37,93,89,3.29,overcast clouds
532,Tottori,JP,35.5,134.2333,74.43,87,8,4.07,clear sky
533,Padang,ID,-0.9492,100.3543,77.63,85,98,3.13,overcast clouds
534,Presidente Medici,BR,-11.1753,-61.9014,82.71,18,1,7.61,clear sky
535,Lerwick,GB,60.1545,-1.1494,59.0,90,98,10.36,overcast clouds
536,Uberlandia,BR,-18.9186,-48.2772,63.61,20,0,6.91,clear sky
537,Isla Vista,US,34.4133,-119.861,99.12,37,0,7.43,clear sky
538,Marang,MY,5.2056,103.2059,80.51,83,100,3.85,light rain
539,Riverton,US,40.5219,-111.9391,89.28,49,1,4.0,clear sky
540,Cap Malheureux,MU,-19.9842,57.6142,69.48,78,41,11.99,light rain
541,Newcastle,AU,-32.9272,151.7765,48.65,67,0,3.0,clear sky
542,San Francisco,US,37.7749,-122.4194,87.94,78,75,1.99,broken clouds
543,Kavaratti,IN,10.5669,72.642,82.02,78,81,17.49,broken clouds
544,Findlay,US,41.0442,-83.6499,87.75,62,1,20.71,clear sky
545,Springbok,ZA,-29.6643,17.8865,50.23,45,0,3.18,clear sky
546,Batagay,RU,67.6333,134.6333,45.16,70,74,2.37,broken clouds
547,Virginia Beach,US,36.8529,-75.978,92.01,59,20,6.91,few clouds
548,Nuuk,GL,64.1835,-51.7216,54.21,71,20,4.61,few clouds
549,Bandar-E Lengeh,IR,26.5579,54.8807,95.11,75,93,4.61,haze
550,Sisophon,KH,13.5859,102.9737,78.01,87,99,6.44,overcast clouds
551,Najran,SA,17.4924,44.1277,93.85,31,86,13.44,overcast clouds
552,Fairmont,US,39.4851,-80.1426,79.97,94,100,8.01,light rain
553,Dindori,IN,22.95,81.0833,71.49,93,100,12.95,overcast clouds
554,Karratha,AU,-20.7377,116.8463,69.39,78,1,12.41,clear sky
555,Turayf,SA,31.6725,38.6637,93.45,26,0,6.91,clear sky
556,Lowestoft,GB,52.4752,1.7516,71.11,53,83,14.2,broken clouds
557,Doha,QA,25.2867,51.5333,102.18,28,0,13.8,clear sky
558,Mankono,CI,8.0586,-6.1897,78.28,71,74,4.52,broken clouds
559,Balotra,IN,25.8333,72.2333,85.39,72,100,18.37,overcast clouds
560,Kazachinskoye,RU,57.6953,93.2761,53.49,96,100,1.59,overcast clouds
561,Grindavik,IS,63.8424,-22.4338,64.87,68,0,10.36,clear sky
562,Marienburg,PL,54.0359,19.0266,75.88,59,77,13.58,broken clouds
563,Giroc,RO,45.6942,21.2358,87.98,40,0,5.75,clear sky
564,Tandalti,SD,13.0167,31.8667,91.74,45,97,6.49,overcast clouds
565,Kismayo,SO,-0.3582,42.5454,76.01,79,95,17.4,overcast clouds
566,Severobaykalsk,RU,55.65,109.3167,58.24,67,19,3.24,few clouds
567,Inta,RU,66.0317,60.1659,47.55,81,80,6.78,broken clouds
568,Abatskoye,RU,56.2875,70.4555,55.04,60,69,8.81,broken clouds
569,Kollam,IN,8.8833,76.6,80.47,82,100,13.0,overcast clouds
570,Polunochnoye,RU,60.8697,60.4153,43.45,80,59,2.84,broken clouds
571,Cadereyta,MX,25.5833,-99.9833,91.38,34,94,6.38,overcast clouds
572,Danielskuil,ZA,-28.1887,23.5395,48.51,21,0,7.2,clear sky
573,Dingzhou,CN,38.5131,114.9956,73.51,93,100,5.19,moderate rain
574,Bubaque,GW,11.2833,-15.8333,76.05,88,100,11.3,light rain
575,Naberera,TZ,-4.2,36.9333,60.31,73,56,9.91,broken clouds
576,Galeana,MX,24.8333,-100.0667,71.31,54,97,8.66,overcast clouds
577,Ambanja,MG,-13.6833,48.45,71.64,79,57,1.95,broken clouds
578,Olinda,BR,-8.0089,-34.8553,80.33,65,40,8.05,scattered clouds
579,Mumias,KE,0.3351,34.4864,71.47,81,97,3.69,overcast clouds
580,Jinxiang,CN,27.4327,120.6062,80.56,94,79,9.57,broken clouds
581,Betioky,MG,-23.7167,44.3833,69.94,57,64,4.79,broken clouds
582,Teeli,RU,51.0333,90.2333,56.75,60,93,1.77,overcast clouds
583,Jega,NG,12.2175,4.3792,82.15,70,93,3.83,overcast clouds
584,Coahuayana,MX,18.7333,-103.6833,89.08,53,76,4.63,broken clouds
585,Manono,CD,-7.3,27.4167,79.56,29,0,5.86,clear sky
586,Mana,GF,5.6592,-53.7767,83.48,71,7,6.78,clear sky
587,Salvador,SV,13.8333,-88.9167,85.05,63,84,2.17,broken clouds
588,Kalachinsk,RU,55.0529,74.5751,55.06,53,22,7.34,few clouds
589,Pathein,MM,16.7833,94.7333,77.92,92,95,6.35,overcast clouds
590,Shar,KZ,49.5886,81.0453,63.84,47,100,6.15,overcast clouds
591,Manta,EC,-0.95,-80.7333,83.98,65,75,11.5,broken clouds
592,Key West,US,24.5557,-81.7826,91.4,68,20,6.91,few clouds
593,Whitehorse,CA,60.7161,-135.0538,58.1,62,20,8.05,few clouds
594,Zyryanka,RU,65.75,150.85,41.11,92,100,8.14,overcast clouds
595,Lakes Entrance,AU,-37.8811,147.981,43.57,71,0,9.57,clear sky
596,Silopi,TR,37.2497,42.4694,97.07,18,38,4.79,scattered clouds
597,Kalat,PK,29.0225,66.5916,77.67,18,28,5.06,scattered clouds
598,Benavente,ES,42.0025,-5.6783,86.11,14,1,15.3,clear sky
599,Am Timan,TD,11.0297,20.2827,78.21,82,66,0.27,moderate rain
600,Aleksinac,RS,43.5417,21.7078,89.89,35,19,2.19,few clouds
601,Kasulu,TZ,-4.5767,30.1025,67.21,55,0,3.67,clear sky
602,Rio Gallegos,AR,-51.6226,-69.2181,50.05,50,75,17.27,broken clouds
603,Churapcha,RU,62.0025,132.4325,47.28,85,2,4.7,clear sky
604,Puerto Baquerizo Moreno,EC,-0.9,-89.6,76.19,69,75,9.22,broken clouds
605,Eenhana,NA,-17.4667,16.3333,71.35,19,34,8.08,scattered clouds
606,Parfenyevo,RU,58.484,43.4088,61.27,98,97,5.21,overcast clouds
607,Clyde River,CA,70.4692,-68.5914,50.23,76,75,11.5,broken clouds
608,Lisakovsk,KZ,52.5369,62.4936,62.69,44,1,6.76,clear sky
609,Muros,ES,42.7762,-9.0603,78.67,50,0,15.1,clear sky
610,Buala,SB,-8.145,159.5921,78.26,84,55,4.41,broken clouds
611,Iwanai,JP,42.9744,140.5089,70.72,97,26,5.73,scattered clouds
612,Borogontsy,RU,62.6683,131.1683,48.69,55,0,5.35,clear sky
613,Juneau,US,58.3019,-134.4197,62.83,79,20,4.61,few clouds
614,Dongsheng,CN,39.8161,109.9776,75.31,36,0,3.18,clear sky
615,Acapulco,MX,16.8634,-99.8901,85.82,70,75,5.75,broken clouds
616,Dinar,TR,38.065,30.1656,85.78,24,0,6.96,clear sky
617,Cravo Norte,CO,6.3017,-70.2041,86.86,61,58,3.2,broken clouds
618,Fort Nelson,CA,58.8053,-122.7002,72.99,38,20,9.22,few clouds
619,Muisne,EC,0.6,-80.0333,77.97,77,93,12.35,overcast clouds
620,Oistins,BB,13.0667,-59.5333,86.09,70,20,16.11,few clouds
621,Mahibadhoo,MV,3.7833,72.9667,82.87,70,99,7.49,overcast clouds
622,Ulaanbaatar,MN,47.9077,106.8832,59.13,67,40,4.47,scattered clouds
623,Marawi,PH,7.9986,124.2928,70.02,81,99,4.18,overcast clouds
624,Karema,TZ,-6.8205,30.4389,73.06,49,0,3.56,clear sky
625,Aberdeen,GB,57.1437,-2.0981,61.29,80,90,12.66,overcast clouds
626,Roma,US,43.2128,-75.4557,69.87,88,90,10.36,overcast clouds
627,Yueyang,CN,29.3333,113.0919,80.19,75,0,3.96,clear sky
628,Caraquet,CA,47.7941,-64.9386,75.78,38,40,6.38,scattered clouds
629,Alekseyevskaya,RU,50.2896,42.1845,73.42,66,52,7.09,broken clouds
630,Russell,US,32.3502,-85.1999,92.91,52,20,0.0,few clouds
631,Tsabong,BW,-26.0217,22.401,59.74,26,0,7.27,clear sky
632,Sanmenxia,CN,34.7747,111.1814,76.08,75,5,5.48,clear sky
633,Kisangani,CD,0.5167,25.2,77.99,60,99,2.73,overcast clouds
634,Mount Gambier,AU,-37.8333,140.7667,49.91,57,75,17.27,broken clouds
635,Maldonado,UY,-34.6667,-54.9167,49.39,56,33,12.88,scattered clouds
636,Nizhniy Ingash,RU,56.2,96.53,53.92,97,100,3.49,overcast clouds
637,Trogir,HR,43.5125,16.2517,91.45,31,0,4.61,clear sky
638,Gornopravdinsk,RU,60.05,69.9,46.63,97,100,6.55,light rain
639,Straumen,NO,63.8709,11.2999,73.4,84,73,6.24,light rain
640,Mandalay,MM,21.9747,96.0836,78.8,82,56,9.04,broken clouds
641,Megion,RU,61.0296,76.1136,46.42,82,66,7.94,broken clouds
642,Palimbang,PH,6.2106,124.1894,78.93,75,83,4.41,broken clouds
643,Waddan,LY,29.1614,16.139,91.85,21,0,15.84,clear sky
644,Richmond,US,37.5538,-77.4603,92.25,64,75,4.0,broken clouds
645,Vysotsk,RU,60.6288,28.5705,74.61,69,18,15.66,few clouds
646,Smidovich,RU,48.6,133.8167,75.78,67,100,4.74,overcast clouds
647,Emet,TR,39.343,29.2585,72.1,38,0,6.76,clear sky
648,Bethlehem,BR,-1.4558,-48.5044,84.24,79,75,9.22,broken clouds
649,Ariquemes,BR,-9.9133,-63.0408,83.66,20,3,7.27,clear sky
650,Ginir,ET,7.1333,40.7,63.25,64,99,9.71,overcast clouds
651,Sharjah,AE,25.3573,55.4033,102.18,43,0,3.44,clear sky
652,Orumiyeh,IR,37.5527,45.0761,69.35,56,20,4.61,few clouds
653,Mogadishu,SO,2.0371,45.3438,76.33,82,84,20.13,broken clouds
654,Goba,ET,7.0167,39.9833,53.33,93,98,3.98,overcast clouds
655,Vaitape,PF,-16.5167,-151.75,78.26,75,51,14.9,light rain
656,Tilichiki,RU,60.4667,166.1,43.99,71,36,2.84,scattered clouds
657,Katherine,AU,-14.4667,132.2667,64.72,68,7,3.44,clear sky
658,Saint-Francois,FR,46.4154,3.9054,78.24,56,0,1.14,clear sky
659,Lake Havasu City,US,34.4839,-114.3224,105.06,22,1,1.01,clear sky
660,Alyangula,AU,-13.8483,136.4192,69.67,100,90,5.75,mist
661,Sitka,US,57.0531,-135.33,60.69,72,1,4.61,clear sky
662,Ambovombe,MG,-25.1667,46.0833,66.52,80,9,9.15,clear sky
663,Kupang,ID,-10.1667,123.5833,73.92,86,23,6.38,few clouds
664,Katwa,IN,23.6399,88.128,77.67,95,100,14.18,heavy intensity rain
665,Eureka,US,40.8021,-124.1637,63.25,72,7,1.99,clear sky
666,Cookeville,US,36.1628,-85.5016,89.58,62,1,3.0,clear sky
667,Kununurra,AU,-15.7667,128.7333,66.18,82,1,0.0,clear sky
668,Hamilton,US,39.1834,-84.5333,88.88,70,1,5.01,clear sky
669,Pizarro,CO,4.9533,-77.366,83.86,70,52,7.81,broken clouds
670,Shiyan,CN,32.6475,110.7781,75.4,78,11,0.67,few clouds
671,Husavik,IS,66.0449,-17.3389,53.51,91,99,5.5,overcast clouds
672,Kashi,CN,39.4547,75.9797,86.23,26,87,19.44,overcast clouds
673,Quatre Cocos,MU,-20.2078,57.7625,69.1,76,71,21.79,light rain
674,Centralia,US,46.7162,-122.9543,81.3,58,1,3.44,haze
675,Lima,PE,-12.0432,-77.0282,61.14,82,90,6.91,overcast clouds
676,Lobatse,BW,-25.2167,25.6667,58.32,25,0,5.53,clear sky
677,Morant Bay,JM,17.8815,-76.4093,89.22,71,94,13.53,overcast clouds
678,Maues,BR,-3.3836,-57.7186,98.85,20,92,3.56,overcast clouds
679,Manggar,ID,-2.8833,108.2667,81.14,77,57,10.8,broken clouds
680,High Level,CA,58.5169,-117.136,75.31,38,20,6.91,few clouds
681,Binika,IN,21.0333,83.8,76.06,85,100,11.27,light rain
682,Verkhnya Syrovatka,UA,50.829,34.9586,74.5,64,89,2.8,overcast clouds
683,Gubkinskiy,RU,64.434,76.5026,50.99,93,99,11.97,overcast clouds
684,Chazuta,PE,-6.5742,-76.1367,76.05,90,94,3.38,overcast clouds
685,Oeiras Do Para,BR,-2.0031,-49.8544,83.97,76,46,0.45,scattered clouds
686,Mattru,SL,7.6244,-11.8332,76.62,78,99,3.24,overcast clouds
687,Acajutla,SV,13.5928,-89.8275,91.8,60,76,8.75,broken clouds
688,Mandali,IQ,33.7499,45.5541,99.3,10,0,6.2,clear sky
689,Strezhevoy,RU,60.7333,77.5889,46.38,89,61,6.29,broken clouds
690,Guarapari,BR,-20.6667,-40.4975,67.89,70,100,15.73,overcast clouds
691,Beloha,MG,-25.1667,45.05,69.31,66,9,12.28,clear sky
692,Dunedin,NZ,-45.8742,170.5036,45.81,89,24,15.01,few clouds
693,Itarema,BR,-2.9248,-39.9167,85.55,62,43,16.98,scattered clouds
694,Poya,NC,-21.35,165.15,67.78,71,93,2.26,overcast clouds
695,Vasto,IT,42.1243,14.7059,85.68,53,0,4.5,clear sky
696,Kloulklubed,PW,7.0419,134.2556,77.5,76,76,2.39,broken clouds
697,Siocon,PH,7.7061,122.1353,79.39,89,99,5.28,overcast clouds
698,Umea,SE,63.8284,20.2597,71.53,68,0,12.66,clear sky
699,Nisia Floresta,BR,-6.0911,-35.2086,85.01,59,70,12.97,broken clouds
